{
    "$schema": "https://schema.management.azure.com/schemas/2015-01-01/deploymentParameters.json#",
    "contentVersion": "1.0.0.0",
    "parameters": {
        "osDiskType": {
            "value": "StandardSSD_LRS"
        },
        "osDiskDeleteOption": {
            "value": "Delete"
        },
        "dataDisks1": {
            "value": [
                {
                    "lun": 0,
                    "createOption": "attach",
                    "deleteOption": "Detach",
                    "caching": "ReadOnly",
                    "writeAcceleratorEnabled": false,
                    "id": null,
                    "name": "Errol_DataDisk_0",
                    "storageAccountType": null,
                    "diskSizeGB": null,
                    "diskEncryptionSet": null
                },
                {
                    "lun": 1,
                    "createOption": "attach",
                    "deleteOption": "Detach",
                    "caching": "None",
                    "writeAcceleratorEnabled": false,
                    "id": null,
                    "name": "Errol_DataDisk_1",
                    "storageAccountType": null,
                    "diskSizeGB": null,
                    "diskEncryptionSet": null
                }
            ]
        },
        "dataDiskResources1": {
            "value": [
                {
                    "name": "Errol_DataDisk_0",
                    "sku": "Premium_LRS",
                    "properties": {
                        "diskSizeGB": 1024,
                        "creationData": {
                            "createOption": "empty"
                        }
                    }
                },
                {
                    "name": "Errol_DataDisk_1",
                    "sku": "Premium_LRS",
                    "properties": {
                        "diskSizeGB": 1024,
                        "creationData": {
                            "createOption": "empty"
                        }
                    }
                }
            ]
        },
        "dataDisks2": {
            "value": [
                {
                    "lun": 0,
                    "createOption": "attach",
                    "deleteOption": "Detach",
                    "caching": "ReadOnly",
                    "writeAcceleratorEnabled": false,
                    "id": null,
                    "name": "Laolith_DataDisk_0",
                    "storageAccountType": null,
                    "diskSizeGB": null,
                    "diskEncryptionSet": null
                },
                {
                    "lun": 1,
                    "createOption": "attach",
                    "deleteOption": "Detach",
                    "caching": "None",
                    "writeAcceleratorEnabled": false,
                    "id": null,
                    "name": "Laolith_DataDisk_1",
                    "storageAccountType": null,
                    "diskSizeGB": null,
                    "diskEncryptionSet": null
                }
            ]
        },
        "dataDiskResources2": {
            "value": [
                {
                    "name": "Laolith_DataDisk_0",
                    "sku": "Premium_LRS",
                    "properties": {
                        "diskSizeGB": 1024,
                        "creationData": {
                            "createOption": "empty"
                        }
                    }
                },
                {
                    "name": "Laolith_DataDisk_1",
                    "sku": "Premium_LRS",
                    "properties": {
                        "diskSizeGB": 1024,
                        "creationData": {
                            "createOption": "empty"
                        }
                    }
                }
            ]
        },
        "dataDisks3": {
            "value": [
                {
                    "lun": 0,
                    "createOption": "attach",
                    "deleteOption": "Detach",
                    "caching": "ReadOnly",
                    "writeAcceleratorEnabled": false,
                    "id": null,
                    "name": "Ninereeds_DataDisk_0",
                    "storageAccountType": null,
                    "diskSizeGB": null,
                    "diskEncryptionSet": null
                },
                {
                    "lun": 1,
                    "createOption": "attach",
                    "deleteOption": "Detach",
                    "caching": "None",
                    "writeAcceleratorEnabled": false,
                    "id": null,
                    "name": "Ninereeds_DataDisk_1",
                    "storageAccountType": null,
                    "diskSizeGB": null,
                    "diskEncryptionSet": null
                }
            ]
        },
        "dataDiskResources3": {
            "value": [
                {
                    "name": "Ninereeds_DataDisk_0",
                    "sku": "Premium_LRS",
                    "properties": {
                        "diskSizeGB": 1024,
                        "creationData": {
                            "createOption": "empty"
                        }
                    }
                },
                {
                    "name": "Ninereeds_DataDisk_1",
                    "sku": "Premium_LRS",
                    "properties": {
                        "diskSizeGB": 1024,
                        "creationData": {
                            "createOption": "empty"
                        }
                    }
                }
            ]
        },
        "dataDisks4": {
            "value": [
                {
                    "lun": 0,
                    "createOption": "attach",
                    "deleteOption": "Detach",
                    "caching": "ReadOnly",
                    "writeAcceleratorEnabled": false,
                    "id": null,
                    "name": "TheLibrarian_DataDisk_0",
                    "storageAccountType": null,
                    "diskSizeGB": null,
                    "diskEncryptionSet": null
                },
                {
                    "lun": 1,
                    "createOption": "attach",
                    "deleteOption": "Detach",
                    "caching": "None",
                    "writeAcceleratorEnabled": false,
                    "id": null,
                    "name": "TheLibrarian_DataDisk_1",
                    "storageAccountType": null,
                    "diskSizeGB": null,
                    "diskEncryptionSet": null
                }
            ]
        },
        "dataDiskResources4": {
            "value": [
                {
                    "name": "TheLibrarian_DataDisk_0",
                    "sku": "Premium_LRS",
                    "properties": {
                        "diskSizeGB": 1024,
                        "creationData": {
                            "createOption": "empty"
                        }
                    }
                },
                {
                    "name": "TheLibrarian_DataDisk_1",
                    "sku": "Premium_LRS",
                    "properties": {
                        "diskSizeGB": 1024,
                        "creationData": {
                            "createOption": "empty"
                        }
                    }
                }
            ]
        },
        "location": {
            "value": "westeurope"
        },
        "existingVirtualNetworkName": {
            "value": "SQLBits2023-TrainingDay"
        },
        "existingVirtualNetworkResourceGroupName": {
            "value": "SQLBits2023-TrainingDay"
        },
        "vmNamesForPrimaryAndSecondaryReplicas": {
            "value": [
                "Errol",
                "Laolith",
                "Ninereeds",
                "TheLibrarian"
            ]
        },
        "subnetNames": {
            "value": [
                "sqlsubnet1",
                "sqlsubnet2",
                "sqlsubnet3",
                "sqlsubnet4"
            ]
        },
        "listOfFailoverClusterIps": {
            "value": [
                null,
                null,
                null,
                null
            ]
        },
        "listOfListenerIps": {
            "value": [
                "192.168.4.6",
                "192.168.4.22",
                "192.168.4.38",
                "192.168.5.54"
            ]
        },
        "pipDeleteOption": {
            "value": "Delete"
        },
        "nicDeleteOption": {
            "value": "Delete"
        },
        "enableAcceleratedNetworking": {
            "value": true
        },
        "networkSecurityGroupRules": {
            "value": []
        },
        "replicaRoleArray": {
            "value": [
                "Primary",
                "Secondary",
                "Secondary",
                "Secondary"
            ]
        },
        "replicaAutoFailArray": {
            "value": [
                "Automatic",
                "Automatic",
                "Manual",
                "Manual"
            ]
        },
        "replicaSyncCommitArray": {
            "value": [
                "Synchronous_Commit",
                "Synchronous_Commit",
                "Asynchronous_Commit",
                "Asynchronous_Commit"
            ]
        },
        "replicaReadableSecArray": {
            "value": [
                "No",
                "No",
                "No",
                "All"
            ]
        },
        "sizeForVirtualMachines": {
            "value": "Standard_D2s_v3"
        },
        "localAdminUserName": {
            "value": "theboss"
        },
        "localAdminPassword": {
            "value": null
        },
        "sqlServerImageType": {
            "value": "SQL2019-WS2022"
        },
        "sqlServerSku": {
            "value": "sqldev"
        },
        "sqlServerLicenseType": {
            "value": "PAYG"
        },
        "sqlServiceAccountUserName": {
            "value": "theboss"
        },
        "sqlServiceAccountPassword": {
            "value": null
        },
        "domainUserName": {
            "value": "theboss"
        },
        "domainUserPassword": {
            "value": null
        },
        "domainFQDN": {
            "value": "jessandbeard.local"
        },
        "failoverClusterName": {
            "value": "Daffy"
        },
        "createNewStorageAccount": {
            "value": "No"
        },
        "storageAccountName": {
            "value": "beard2019agstorage"
        },
        "availabilityGroup": {
            "value": "dragon_ag"
        },
        "listenerName": {
            "value": "Rincewind"
        },
        "sqlAuthenticationLogin": {
            "value": "sqladmin"
        },
        "sqlAuthenticationPassword": {
            "value": null
        },
        "sqlConnectivityType": {
            "value": "Private"
        },
        "sqlPortNumber": {
            "value": 1433
        },
        "sqlStorageWorkloadType": {
            "value": "OLTP"
        },
        "sqlStorageDisksConfigurationType": {
            "value": "NEW"
        },
        "dataPath": {
            "value": "F:\\data"
        },
        "dataDisksLUNs": {
            "value": [
                0
            ]
        },
        "logPath": {
            "value": "G:\\log"
        },
        "logDisksLUNs": {
            "value": [
                1
            ]
        },
        "tempDbPath": {
            "value": "D:\\tempDb"
        },
        "dataFileCount": {
            "value": 2
        },
        "dataFileSize": {
            "value": 8
        },
        "dataGrowth": {
            "value": 64
        },
        "logFileSize": {
            "value": 8
        },
        "logGrowth": {
            "value": 64
        },
        "sqlSystemDbOnDataDisk": {
            "value": false
        },
        "rServicesEnabled": {
            "value": "false"
        },
        "maxdop": {
            "value": 0
        },
        "isOptimizeForAdHocWorkloadsEnabled": {
            "value": false
        },
        "collation": {
            "value": "SQL_Latin1_General_CP1_CI_AS"
        },
        "minServerMemoryMB": {
            "value": 0
        },
        "maxServerMemoryMB": {
            "value": 2147483647
        },
        "isLPIMEnabled": {
            "value": true
        },
        "isIFIEnabled": {
            "value": true
        }
    }
}